seq,capture_us,receive_us,delay_ms,jitter_ms,ajb_depth
0,1774351967637889,1774351967638304,0.41,0.00,2
1,1774351967664527,1774351967665019,0.49,0.04,2
2,1774351967696479,1774351968528131,831.65,391.83,2
3,1774351967728071,1774351968529485,801.41,408.18,2
4,1774351967758636,1774351968561747,803.11,397.75,2
5,1774351967789570,1774351968593746,804.18,381.80,2
6,1774351967820394,1774351968615229,794.84,364.54,2
7,1774351967851759,1774351968636460,784.70,347.87,2
8,1774351967883170,1774351968657759,774.59,332.40,2
9,1774351967915024,1774351968679104,764.08,318.22,2
10,1774351967945792,1774351968700382,754.59,305.32,4
11,1774351967976473,1774351968732340,755.87,293.88,4
12,1774351968007554,1774351968754350,746.80,283.39,4
13,1774351968038249,1774351968775061,736.81,273.74,4
14,1774351968070451,1774351968796455,726.00,264.85,4
15,1774351968100893,1774351968817688,716.79,256.67,4
16,1774351968132700,1774351968838951,706.25,249.12,4
17,1774351968164474,1774351968871206,706.73,242.20,4
18,1774351968196024,1774351968892494,696.47,235.77,4
19,1774351968228193,1774351968913633,685.44,229.81,4
20,1774351968259433,1774351968934989,675.56,169.15,4
21,1774351968290099,1774351968956417,666.32,46.98,4
22,1774351968321139,1774351968988424,667.28,45.74,4
23,1774351968351796,1774351969009736,657.94,46.54,4
24,1774351968382521,1774351969031007,648.49,46.80,4
25,1774351968413040,1774351969052353,639.31,46.37,4
26,1774351968443152,1774351969073709,630.56,46.10,4
27,1774351968473582,1774351969095058,621.48,46.07,4
28,1774351968504583,1774351969127106,622.52,45.49,4
29,1774351968534875,1774351969149194,614.32,45.22,4
30,1774351968567082,1774351969169912,602.83,45.43,4
31,1774351968598134,1774351969191052,592.92,45.02,4
32,1774351968629764,1774351969212441,582.68,44.87,4
33,1774351968661316,1774351969233682,572.37,45.08,4
34,1774351968692441,1774351969265658,573.22,44.77,4
35,1774351968723378,1774351969287068,563.69,44.75,4
36,1774351968755139,1774351969308383,553.24,45.22,4
37,1774351968785253,1774351969329751,544.50,45.04,4
38,1774351968816329,1774351969351013,534.68,45.21,4
39,1774351968848384,1774351969383024,534.64,44.98,4
40,1774351968879031,1774351969404905,525.87,45.06,4
41,1774351968909599,1774351969425750,516.15,45.47,4
42,1774351968940846,1774351969447078,506.23,45.32,4
43,1774351968971847,1774351969468326,496.48,45.43,4
44,1774351969003138,1774351969489695,486.56,45.83,4
45,1774351969034342,1774351969521754,487.41,45.59,4
46,1774351969065318,1774351969543043,477.73,45.61,4
47,1774351969096749,1774351969564399,467.65,45.96,4
48,1774351969129189,1774351969585667,456.48,45.80,4
49,1774351969160510,1774351969607710,447.20,45.72,4
50,1774351969191557,1774351969639666,448.11,45.17,4
51,1774351969222333,1774351969660403,438.07,45.01,4
52,1774351969254340,1774351969681697,427.36,45.31,1
53,1774351969285346,1774351969703234,417.89,45.97,1
54,1774351969317934,1774351969724318,406.38,46.18,1
55,1774351969348700,1774351969745744,397.04,46.59,1
56,1774351969379820,1774351969777718,397.90,46.43,1
57,1774351969410526,1774351969798996,388.47,46.49,1
58,1774351969441265,1774351969820527,379.26,46.83,1
59,1774351969472371,1774351969841701,369.33,46.66,1
60,1774351969503242,1774351969863076,359.83,46.63,1
61,1774351969535280,1774351969884354,349.07,46.95,1
62,1774351969567152,1774351969916427,349.27,46.71,1
63,1774351969598174,1774351969937834,339.66,46.77,1
64,1774351969630105,1774351969959610,329.50,47.20,1
65,1774351969661509,1774351969980413,318.90,47.08,1
66,1774351969692392,1774351970001694,309.30,47.18,1
67,1774351969722552,1774351970023113,300.56,47.45,1
68,1774351969753594,1774351970055098,301.50,47.22,1
69,1774351969785105,1774351970076357,291.25,47.32,1
70,1774351969816109,1774351970097753,281.64,46.77,1
71,1774351969848072,1774351970119050,270.98,46.58,1
72,1774351969879496,1774351970140460,260.96,46.75,1
73,1774351969910416,1774351970172431,262.01,46.26,1
74,1774351969940856,1774351970193757,252.90,46.20,1
75,1774351969971992,1774351970215629,243.64,46.42,1
76,1774351970003595,1774351970236629,233.03,46.10,1
77,1774351970034388,1774351970257643,223.25,46.02,1
78,1774351970065858,1774351970279070,213.21,46.18,1
79,1774351970096719,1774351970311074,214.35,45.72,1
80,1774351970127690,1774351970332416,204.73,45.57,1
81,1774351970159307,1774351970354050,194.74,45.86,1
82,1774351970191294,1774351970375037,183.74,45.70,1
83,1774351970223935,1774351970396818,172.88,45.89,1
84,1774351970255578,1774351970428502,172.92,45.55,1
85,1774351970287095,1774351970449713,162.62,45.67,1
86,1774351970318012,1774351970471192,153.18,46.07,1
87,1774351970348968,1774351970492420,143.45,46.71,1
88,1774351970381617,1774351970513797,132.18,46.85,1
89,1774351970412877,1774351970535419,122.54,47.26,1
90,1774351970444582,1774351970567099,122.52,47.07,1
91,1774351970475490,1774351970588548,113.06,47.24,1
92,1774351970507442,1774351970609759,102.32,47.82,1
93,1774351970539667,1774351970631452,91.78,47.82,1
94,1774351970570317,1774351970652498,82.18,47.97,1
95,1774351970601157,1774351970673942,72.78,48.26,1
96,1774351970633408,1774351970706099,72.69,48.05,1
97,1774351970663558,1774351970727086,63.53,48.08,1
98,1774351970694531,1774351970748431,53.90,48.41,1
99,1774351970726678,1774351970769998,43.32,48.15,1
100,1774351970757463,1774351970791320,33.86,48.06,1
101,1774351970789722,1774351970812677,22.95,48.30,1
102,1774351970820450,1774351970844585,24.14,47.97,1
103,1774351970850953,1774351970865927,14.97,47.98,1
104,1774351970882818,1774351970887343,4.53,47.47,1
105,1774351970913337,1774351970913866,0.53,46.78,1
106,1774351970944085,1774351970944624,0.54,45.60,1
107,1774351970974897,1774351970975443,0.55,44.05,1
108,1774351971006048,1774351971006702,0.65,42.38,1
109,1774351971036665,1774351971037388,0.72,40.55,1
110,1774351971067807,1774351971068400,0.59,37.66,1
111,1774351971099505,1774351971100018,0.51,34.60,1
112,1774351971131486,1774351971132047,0.56,31.58,1
113,1774351971161956,1774351971162540,0.58,28.68,1
114,1774351971192674,1774351971193382,0.71,25.88,1
115,1774351971222765,1774351971223298,0.53,23.25,1
116,1774351971254208,1774351971254773,0.56,19.65,1
117,1774351971285129,1774351971285737,0.61,16.09,1
118,1774351971315596,1774351971316115,0.52,12.70,1
119,1774351971346878,1774351971347424,0.55,9.77,1
120,1774351971378004,1774351971378655,0.65,7.32,1
121,1774351971409019,1774351971409626,0.61,5.87,1
122,1774351971441047,1774351971441616,0.57,3.21,1
123,1774351971471549,1774351971472012,0.46,0.86,1
124,1774351971502927,1774351971503543,0.62,0.06,1
125,1774351971533992,1774351971534565,0.57,0.06,1
126,1774351971564982,1774351971565868,0.89,0.09,1
127,1774351971595550,1774351971596113,0.56,0.09,1
128,1774351971625740,1774351971626317,0.58,0.09,1
129,1774351971656067,1774351971656625,0.56,0.08,1
130,1774351971686704,1774351971687520,0.82,0.10,1
131,1774351971718383,1774351971718980,0.60,0.10,1
132,1774351971749277,1774351971749957,0.68,0.10,1
133,1774351971781019,1774351971781595,0.58,0.10,1
134,1774351971812120,1774351971812655,0.54,0.10,1
135,1774351971843197,1774351971843730,0.53,0.10,1
136,1774351971873004,1774351971873587,0.58,0.10,1
137,1774351971903924,1774351971904464,0.54,0.10,1
138,1774351971935193,1774351971935850,0.66,0.09,1
139,1774351971966382,1774351971966899,0.52,0.10,1
140,1774351971997076,1774351971997640,0.56,0.10,1
141,1774351972027709,1774351972028236,0.53,0.10,1
142,1774351972057744,1774351972058296,0.55,0.10,1
143,1774351972088116,1774351972088625,0.51,0.09,1
144,1774351972118478,1774351972119188,0.71,0.10,1
145,1774351972150601,1774351972151170,0.57,0.10,1
146,1774351972181452,1774351972182082,0.63,0.07,1
147,1774351972212858,1774351972213355,0.50,0.08,1
148,1774351972244038,1774351972244590,0.55,0.08,1
149,1774351972274957,1774351972275485,0.53,0.08,1
150,1774351972306542,1774351972307120,0.58,0.06,1
151,1774351972337959,1774351972338420,0.46,0.06,1
152,1774351972369171,1774351972369892,0.72,0.07,1
153,1774351972400126,1774351972400690,0.56,0.07,1
154,1774351972430726,1774351972431381,0.66,0.07,1
155,1774351972462355,1774351972462916,0.56,0.07,1
156,1774351972494039,1774351972494593,0.55,0.07,1
157,1774351972524992,1774351972525510,0.52,0.07,1
158,1774351972556080,1774351972556641,0.56,0.06,1
159,1774351972586405,1774351972586990,0.58,0.06,1
160,1774351972617739,1774351972618308,0.57,0.06,1
161,1774351972649926,1774351972650511,0.58,0.06,1
162,1774351972680961,1774351972681548,0.59,0.06,1
163,1774351972711700,1774351972712162,0.46,0.07,1
164,1774351972743532,1774351972744173,0.64,0.06,1
165,1774351972774552,1774351972775147,0.59,0.06,1
166,1774351972804795,1774351972805353,0.56,0.06,1
167,1774351972836159,1774351972836814,0.66,0.06,1
168,1774351972868040,1774351972868641,0.60,0.06,1
169,1774351972898985,1774351972899521,0.54,0.06,1
170,1774351972929703,1774351972930266,0.56,0.06,1
171,1774351972960558,1774351972961078,0.52,0.06,1
172,1774351972992434,1774351972993064,0.63,0.05,1
173,1774351973023140,1774351973023640,0.50,0.05,1
174,1774351973054453,1774351973055011,0.56,0.05,1
175,1774351973085624,1774351973086202,0.58,0.05,1
176,1774351973117797,1774351973118388,0.59,0.05,1
177,1774351973148586,1774351973149169,0.58,0.04,1
178,1774351973180904,1774351973181674,0.77,0.06,1
179,1774351973211744,1774351973212322,0.58,0.06,1
180,1774351973242972,1774351973243499,0.53,0.06,1
181,1774351973273652,1774351973274223,0.57,0.06,1
182,1774351973305458,1774351973306063,0.60,0.06,1
183,1774351973336155,1774351973336787,0.63,0.06,1
184,1774351973367431,1774351973368010,0.58,0.06,1
185,1774351973398894,1774351973399596,0.70,0.06,1
186,1774351973429555,1774351973430213,0.66,0.06,1
187,1774351973461367,1774351973461886,0.52,0.06,1
188,1774351973493014,1774351973493572,0.56,0.06,1
189,1774351973524861,1774351973525424,0.56,0.06,1
190,1774351973556382,1774351973556949,0.57,0.06,1
191,1774351973587258,1774351973587739,0.48,0.07,1
192,1774351973617089,1774351973617711,0.62,0.07,1
193,1774351973648255,1774351973648788,0.53,0.06,1
194,1774351973679617,1774351973680155,0.54,0.06,1
195,1774351973711293,1774351973711829,0.54,0.07,1
196,1774351973741211,1774351973741759,0.55,0.07,1
197,1774351973773268,1774351973773801,0.53,0.07,1
198,1774351973804141,1774351973804686,0.55,0.05,1
199,1774351973835897,1774351973836524,0.63,0.05,1
200,1774351973866413,1774351973867069,0.66,0.05,1
201,1774351973898471,1774351973899015,0.54,0.05,1
202,1774351973929668,1774351973930245,0.58,0.05,1
203,1774351973959995,1774351973960579,0.58,0.05,1
204,1774351973991217,1774351973991768,0.55,0.05,1
205,1774351974023835,1774351974024384,0.55,0.04,1
206,1774351974055434,1774351974056074,0.64,0.04,1
207,1774351974085600,1774351974086271,0.67,0.05,1
208,1774351974116590,1774351974117182,0.59,0.05,1
209,1774351974147434,1774351974147968,0.53,0.05,1
210,1774351974178728,1774351974179360,0.63,0.05,1
211,1774351974210423,1774351974210915,0.49,0.05,1
212,1774351974242232,1774351974242818,0.59,0.05,1
213,1774351974272885,1774351974273428,0.54,0.05,1
214,1774351974302946,1774351974303453,0.51,0.05,1
215,1774351974333237,1774351974333934,0.70,0.06,1
216,1774351974363771,1774351974364339,0.57,0.05,1
217,1774351974394592,1774351974395195,0.60,0.05,1
218,1774351974425702,1774351974426236,0.53,0.05,1
219,1774351974456102,1774351974456634,0.53,0.05,1
220,1774351974486497,1774351974487022,0.53,0.05,1
221,1774351974517706,1774351974518372,0.67,0.06,1
222,1774351974550139,1774351974550655,0.52,0.06,1
223,1774351974581794,1774351974582366,0.57,0.06,1
224,1774351974612209,1774351974612710,0.50,0.06,1
225,1774351974642793,1774351974643338,0.55,0.06,1
226,1774351974674520,1774351974675044,0.52,0.06,1
227,1774351974705158,1774351974705811,0.65,0.06,1
228,1774351974735168,1774351974735797,0.63,0.06,1
229,1774351974766501,1774351974767031,0.53,0.06,1
230,1774351974797179,1774351974797696,0.52,0.06,1
231,1774351974828487,1774351974829071,0.58,0.06,1
232,1774351974859210,1774351974859735,0.53,0.06,1
233,1774351974890027,1774351974890626,0.60,0.06,1
234,1774351974921727,1774351974922252,0.53,0.06,1
235,1774351974952496,1774351974953006,0.51,0.05,1
236,1774351974982790,1774351974983353,0.56,0.05,1
237,1774351975013271,1774351975013835,0.56,0.05,1
238,1774351975045056,1774351975045590,0.53,0.05,1
239,1774351975075578,1774351975076169,0.59,0.05,1
240,1774351975107393,1774351975107973,0.58,0.05,1
241,1774351975139772,1774351975140360,0.59,0.04,1
242,1774351975171613,1774351975172274,0.66,0.05,1
243,1774351975203881,1774351975204414,0.53,0.05,1
244,1774351975235618,1774351975236224,0.61,0.04,1
245,1774351975266926,1774351975267538,0.61,0.04,1
246,1774351975297205,1774351975297791,0.59,0.04,1
247,1774351975327909,1774351975328450,0.54,0.04,1
248,1774351975359426,1774351975360162,0.74,0.05,1
249,1774351975390674,1774351975391257,0.58,0.05,1
250,1774351975421571,1774351975422186,0.61,0.05,1
251,1774351975453204,1774351975454054,0.85,0.08,1
252,1774351975482923,1774351975483748,0.82,0.09,1
253,1774351975515151,1774351975515912,0.76,0.10,1
254,1774351975546812,1774351975547412,0.60,0.09,1
255,1774351975577728,1774351975578317,0.59,0.09,1
256,1774351975609546,1774351975610086,0.54,0.09,1
257,1774351975639911,1774351975640440,0.53,0.09,1
258,1774351975671236,1774351975671794,0.56,0.09,1
259,1774351975701926,1774351975702564,0.64,0.09,1
260,1774351975734256,1774351975734782,0.53,0.09,1
261,1774351975765486,1774351975766167,0.68,0.09,1
262,1774351975796631,1774351975797131,0.50,0.10,1
263,1774351975827684,1774351975828236,0.55,0.10,1
264,1774351975859298,1774351975859837,0.54,0.10,1
265,1774351975890651,1774351975891170,0.52,0.10,1
266,1774351975921448,1774351975922015,0.57,0.10,1
267,1774351975952011,1774351975952593,0.58,0.10,1
268,1774351975983812,1774351975984371,0.56,0.10,1
269,1774351976015180,1774351976015752,0.57,0.10,1
270,1774351976046748,1774351976047383,0.64,0.10,1
271,1774351976077472,1774351976078005,0.53,0.08,1
272,1774351976109102,1774351976109635,0.53,0.06,1
273,1774351976140669,1774351976141276,0.61,0.04,1
274,1774351976171709,1774351976172369,0.66,0.05,1
275,1774351976202127,1774351976202712,0.58,0.05,1
276,1774351976233163,1774351976233702,0.54,0.05,1
277,1774351976264020,1774351976264639,0.62,0.05,1
278,1774351976294848,1774351976295434,0.59,0.05,1
279,1774351976325706,1774351976326257,0.55,0.05,1
280,1774351976356914,1774351976357470,0.56,0.05,1
281,1774351976389015,1774351976389559,0.54,0.04,1
282,1774351976420035,1774351976420650,0.61,0.04,1
283,1774351976451323,1774351976452024,0.70,0.05,1
284,1774351976481840,1774351976482428,0.59,0.05,1
285,1774351976512192,1774351976512746,0.55,0.04,1
286,1774351976543673,1774351976544174,0.50,0.05,1
287,1774351976576202,1774351976576764,0.56,0.05,1
288,1774351976607539,1774351976608037,0.50,0.05,1
289,1774351976638074,1774351976638650,0.58,0.05,1
290,1774351976669865,1774351976670459,0.59,0.05,1
291,1774351976700853,1774351976701437,0.58,0.05,1
292,1774351976731779,1774351976732301,0.52,0.05,1
293,1774351976762442,1774351976763013,0.57,0.05,1
294,1774351976794165,1774351976794683,0.52,0.05,1
295,1774351976826862,1774351976827428,0.57,0.04,1
296,1774351976857797,1774351976858364,0.57,0.04,1
297,1774351976889849,1774351976890413,0.56,0.04,1
298,1774351976920618,1774351976921176,0.56,0.04,1
299,1774351976951869,1774351976952402,0.53,0.04,1
300,1774351976983070,1774351976983671,0.60,0.04,1
301,1774351977015014,1774351977015590,0.58,0.04,1
302,1774351977046575,1774351977047106,0.53,0.04,1
303,1774351977077446,1774351977077990,0.54,0.03,1
304,1774351977108918,1774351977109466,0.55,0.03,1
305,1774351977141055,1774351977141606,0.55,0.03,1
306,1774351977172711,1774351977173336,0.62,0.03,1
307,1774351977203876,1774351977204449,0.57,0.03,1
308,1774351977235268,1774351977235730,0.46,0.03,1
309,1774351977265776,1774351977266315,0.54,0.03,1
310,1774351977296631,1774351977297168,0.54,0.03,1
311,1774351977327522,1774351977328055,0.53,0.03,1
312,1774351977359105,1774351977359652,0.55,0.03,1
313,1774351977390845,1774351977391403,0.56,0.03,1
314,1774351977421485,1774351977422032,0.55,0.03,1
315,1774351977452710,1774351977453286,0.58,0.03,1
316,1774351977484189,1774351977484802,0.61,0.03,1
317,1774351977515332,1774351977515899,0.57,0.03,1
318,1774351977546696,1774351977547219,0.52,0.03,1
319,1774351977577490,1774351977578151,0.66,0.04,1
320,1774351977607571,1774351977608137,0.57,0.04,1
321,1774351977638200,1774351977638759,0.56,0.04,1
322,1774351977669006,1774351977669636,0.63,0.04,1
323,1774351977700673,1774351977701253,0.58,0.04,1
324,1774351977731686,1774351977732220,0.53,0.04,1
325,1774351977763542,1774351977764105,0.56,0.04,1
326,1774351977794282,1774351977794900,0.62,0.04,1
327,1774351977826425,1774351977826953,0.53,0.04,1
328,1774351977857420,1774351977857981,0.56,0.04,1
329,1774351977888768,1774351977889276,0.51,0.04,1
330,1774351977919326,1774351977919820,0.49,0.04,1
331,1774351977950981,1774351977951656,0.68,0.05,1
332,1774351977980927,1774351977981508,0.58,0.05,1
333,1774351978011941,1774351978012513,0.57,0.05,1
334,1774351978043811,1774351978044451,0.64,0.05,1
335,1774351978074599,1774351978075115,0.52,0.05,1
336,1774351978105879,1774351978106445,0.57,0.05,1
337,1774351978137162,1774351978137711,0.55,0.05,1
338,1774351978168615,1774351978169297,0.68,0.05,1
339,1774351978199919,1774351978200592,0.67,0.05,1
340,1774351978231249,1774351978231792,0.54,0.06,1
341,1774351978262114,1774351978262657,0.54,0.06,1
342,1774351978293686,1774351978294265,0.58,0.05,1
343,1774351978324953,1774351978325546,0.59,0.05,1
344,1774351978356677,1774351978357290,0.61,0.05,1
345,1774351978387523,1774351978388015,0.49,0.06,1
346,1774351978418477,1774351978419018,0.54,0.06,1
347,1774351978449239,1774351978449885,0.65,0.06,1
348,1774351978481226,1774351978481756,0.53,0.06,1
349,1774351978512452,1774351978512949,0.50,0.06,1
350,1774351978544010,1774351978544574,0.56,0.06,1
351,1774351978575051,1774351978575612,0.56,0.05,1
352,1774351978605813,1774351978606389,0.58,0.05,1
353,1774351978636326,1774351978636872,0.55,0.05,1
354,1774351978667552,1774351978668253,0.70,0.06,1
355,1774351978698717,1774351978699237,0.52,0.06,1
356,1774351978730551,1774351978731173,0.62,0.06,1
357,1774351978761972,1774351978762511,0.54,0.06,1
358,1774351978793363,1774351978793885,0.52,0.06,1
359,1774351978824930,1774351978825471,0.54,0.05,1
360,1774351978856267,1774351978856831,0.56,0.05,1
361,1774351978886717,1774351978887227,0.51,0.05,1
362,1774351978916572,1774351978917203,0.63,0.05,1
363,1774351978947379,1774351978947890,0.51,0.05,1
364,1774351978977882,1774351978978446,0.56,0.05,1
365,1774351979008527,1774351979009135,0.61,0.05,1
366,1774351979039809,1774351979040375,0.57,0.05,1
367,1774351979071670,1774351979072195,0.53,0.05,1
368,1774351979102012,1774351979102508,0.50,0.05,1
369,1774351979132768,1774351979133270,0.50,0.05,1
370,1774351979164967,1774351979165539,0.57,0.05,1
371,1774351979196113,1774351979196698,0.58,0.05,1
372,1774351979226477,1774351979227011,0.53,0.05,1
373,1774351979257674,1774351979258218,0.54,0.05,1
374,1774351979289329,1774351979289889,0.56,0.04,1
375,1774351979320734,1774351979321283,0.55,0.04,1
376,1774351979352122,1774351979352712,0.59,0.03,1
377,1774351979383066,1774351979383669,0.60,0.04,1
378,1774351979414264,1774351979414881,0.62,0.04,1
379,1774351979445241,1774351979445847,0.61,0.04,1
380,1774351979476751,1774351979477307,0.56,0.04,1
381,1774351979507569,1774351979508119,0.55,0.04,1
382,1774351979539728,1774351979540492,0.76,0.06,1
383,1774351979571408,1774351979571916,0.51,0.06,1
384,1774351979603033,1774351979603641,0.61,0.06,1
385,1774351979633926,1774351979634635,0.71,0.06,1
386,1774351979665169,1774351979665825,0.66,0.07,1
387,1774351979696776,1774351979697407,0.63,0.07,1
388,1774351979727501,1774351979728109,0.61,0.06,1
389,1774351979758498,1774351979759040,0.54,0.06,1
390,1774351979790395,1774351979790902,0.51,0.06,1
391,1774351979819757,1774351979820322,0.56,0.06,1
392,1774351979851897,1774351979852438,0.54,0.06,1
393,1774351979882815,1774351979883422,0.61,0.06,1
394,1774351979913462,1774351979914043,0.58,0.06,1
395,1774351979944225,1774351979944766,0.54,0.06,1
396,1774351979974913,1774351979975511,0.60,0.06,1
397,1774351980005587,1774351980006121,0.53,0.06,1
398,1774351980037016,1774351980037723,0.71,0.07,1
399,1774351980067961,1774351980068458,0.50,0.07,1
400,1774351980098660,1774351980099243,0.58,0.07,1
401,1774351980129584,1774351980130140,0.56,0.07,1
402,1774351980160965,1774351980161561,0.60,0.06,1
403,1774351980191975,1774351980192611,0.64,0.06,1
404,1774351980222843,1774351980223421,0.58,0.06,1
405,1774351980254065,1774351980254581,0.52,0.05,1
406,1774351980285410,1774351980285982,0.57,0.05,1
407,1774351980315998,1774351980316676,0.68,0.05,1
408,1774351980346542,1774351980347108,0.57,0.05,1
409,1774351980377884,1774351980378411,0.53,0.05,1
410,1774351980408470,1774351980409064,0.59,0.05,1
411,1774351980438942,1774351980439466,0.52,0.05,1
412,1774351980470164,1774351980470788,0.62,0.05,1
413,1774351980502171,1774351980502701,0.53,0.05,1
414,1774351980533148,1774351980533771,0.62,0.05,1
415,1774351980563851,1774351980564457,0.61,0.05,1
416,1774351980594887,1774351980595555,0.67,0.06,1
417,1774351980626484,1774351980627046,0.56,0.06,1
418,1774351980658008,1774351980658666,0.66,0.05,1
419,1774351980689186,1774351980689702,0.52,0.05,1
420,1774351980721476,1774351980722040,0.56,0.05,1
421,1774351980752289,1774351980752830,0.54,0.05,1
422,1774351980782946,1774351980783565,0.62,0.05,1
423,1774351980815014,1774351980815569,0.56,0.05,1
424,1774351980846594,1774351980847230,0.64,0.05,1
425,1774351980878087,1774351980878630,0.54,0.05,1
426,1774351980909283,1774351980909867,0.58,0.05,1
427,1774351980941215,1774351980941773,0.56,0.04,1
428,1774351980973644,1774351980974198,0.55,0.05,1
429,1774351981005858,1774351981006420,0.56,0.04,1
430,1774351981036315,1774351981036909,0.59,0.04,1
431,1774351981067868,1774351981068371,0.50,0.05,1
432,1774351981099068,1774351981099664,0.60,0.04,1
433,1774351981129786,1774351981130364,0.58,0.04,1
434,1774351981161150,1774351981161747,0.60,0.04,1
435,1774351981192207,1774351981192704,0.50,0.05,1
436,1774351981223008,1774351981223587,0.58,0.04,1
437,1774351981254462,1774351981254976,0.51,0.04,1
438,1774351981286188,1774351981286766,0.58,0.04,1
439,1774351981317730,1774351981318245,0.52,0.04,1
440,1774351981349171,1774351981349823,0.65,0.04,1
441,1774351981379680,1774351981380291,0.61,0.04,1
442,1774351981410500,1774351981411171,0.67,0.05,1
443,1774351981442472,1774351981443168,0.70,0.05,1
444,1774351981475010,1774351981475652,0.64,0.05,1
445,1774351981506148,1774351981506807,0.66,0.06,1
446,1774351981536483,1774351981537154,0.67,0.06,1
447,1774351981567461,1774351981568005,0.54,0.06,1
448,1774351981598647,1774351981599248,0.60,0.06,1
449,1774351981631285,1774351981631849,0.56,0.06,1
450,1774351981661882,1774351981662540,0.66,0.06,1
451,1774351981693785,1774351981694470,0.69,0.06,1
452,1774351981725014,1774351981725645,0.63,0.06,1
453,1774351981757067,1774351981757706,0.64,0.06,1
454,1774351981788755,1774351981789352,0.60,0.06,1
455,1774351981820057,1774351981820617,0.56,0.05,1
456,1774351981850981,1774351981851489,0.51,0.06,1
457,1774351981883327,1774351981884204,0.88,0.08,1
458,1774351981913997,1774351981914484,0.49,0.08,1
459,1774351981944556,1774351981945090,0.53,0.08,1
460,1774351981974850,1774351981975407,0.56,0.08,1
461,1774351982006215,1774351982006833,0.62,0.08,1
462,1774351982037664,1774351982038551,0.89,0.10,1
463,1774351982068103,1774351982069074,0.97,0.13,1
464,1774351982098394,1774351982099047,0.65,0.13,1
465,1774351982129452,1774351982131140,1.69,0.26,1
466,1774351982160906,1774351982161597,0.69,0.26,1
467,1774351982192338,1774351982192940,0.60,0.26,1
468,1774351982223533,1774351982224202,0.67,0.26,1
469,1774351982254215,1774351982254774,0.56,0.26,1
470,1774351982285521,1774351982285973,0.45,0.26,1
471,1774351982316433,1774351982317196,0.76,0.26,1
472,1774351982348006,1774351982348634,0.63,0.26,1
473,1774351982379794,1774351982380333,0.54,0.27,1
474,1774351982410768,1774351982411300,0.53,0.27,1
475,1774351982440641,1774351982441166,0.53,0.27,1
476,1774351982471293,1774351982472001,0.71,0.26,1
477,1774351982501653,1774351982502196,0.54,0.26,1
478,1774351982533310,1774351982533943,0.63,0.26,1
479,1774351982565333,1774351982566427,1.09,0.27,1
480,1774351982595482,1774351982596203,0.72,0.27,1
481,1774351982626668,1774351982627296,0.63,0.27,1
482,1774351982657747,1774351982658475,0.73,0.27,1
483,1774351982688389,1774351982689101,0.71,0.26,1
484,1774351982718415,1774351982718984,0.57,0.26,1
485,1774351982748894,1774351982749641,0.75,0.13,1
486,1774351982779325,1774351982780052,0.73,0.13,1
487,1774351982809465,1774351982810043,0.58,0.13,1
488,1774351982839756,1774351982840284,0.53,0.14,1
489,1774351982871809,1774351982872593,0.78,0.14,1
490,1774351982902967,1774351982903744,0.78,0.13,1
491,1774351982934271,1774351982934815,0.54,0.13,1
492,1774351982965505,1774351982966243,0.74,0.13,1
493,1774351982996812,1774351982997445,0.63,0.13,1
494,1774351983028872,1774351983029691,0.82,0.13,1
495,1774351983061109,1774351983061862,0.75,0.13,1
496,1774351983092352,1774351983093000,0.65,0.13,1
497,1774351983123346,1774351983123915,0.57,0.12,1
498,1774351983155226,1774351983155823,0.60,0.13,1
499,1774351983186733,1774351983187270,0.54,0.09,1
500,1774351983217538,1774351983218190,0.65,0.09,1
501,1774351983248665,1774351983249443,0.78,0.09,1
502,1774351983281240,1774351983281869,0.63,0.09,1
503,1774351983313437,1774351983314006,0.57,0.09,1
504,1774351983343875,1774351983344437,0.56,0.09,1
505,1774351983374966,1774351983375537,0.57,0.09,1
506,1774351983405772,1774351983406599,0.83,0.10,1
507,1774351983436745,1774351983437435,0.69,0.10,1
508,1774351983467752,1774351983468338,0.59,0.10,1
509,1774351983498381,1774351983499134,0.75,0.09,1
510,1774351983529582,1774351983530166,0.58,0.09,1
511,1774351983560643,1774351983561275,0.63,0.09,1
512,1774351983590025,1774351983590614,0.59,0.09,1
513,1774351983620639,1774351983621286,0.65,0.09,1
514,1774351983652008,1774351983652675,0.67,0.08,1
515,1774351983684173,1774351983684781,0.61,0.08,1
516,1774351983715222,1774351983716048,0.83,0.09,1
517,1774351983746752,1774351983747411,0.66,0.08,1
518,1774351983778744,1774351983779311,0.57,0.09,1
519,1774351983809416,1774351983810012,0.60,0.08,1
520,1774351983840793,1774351983841306,0.51,0.09,1
521,1774351983871374,1774351983871936,0.56,0.08,1
522,1774351983902042,1774351983902519,0.48,0.09,1
523,1774351983931790,1774351983932433,0.64,0.09,1
524,1774351983963737,1774351983964302,0.56,0.09,1
525,1774351983994645,1774351983995216,0.57,0.09,1
526,1774351984025638,1774351984026154,0.52,0.08,1
527,1774351984057503,1774351984058054,0.55,0.08,1
528,1774351984088538,1774351984089101,0.56,0.08,1
529,1774351984119546,1774351984120096,0.55,0.07,1
530,1774351984150058,1774351984150647,0.59,0.07,1
531,1774351984180969,1774351984181750,0.78,0.08,1
532,1774351984211640,1774351984212285,0.65,0.08,1
533,1774351984242879,1774351984243426,0.55,0.08,1
534,1774351984274654,1774351984275227,0.57,0.08,1
535,1774351984305431,1774351984305970,0.54,0.08,1
536,1774351984337157,1774351984337682,0.53,0.06,1
537,1774351984367996,1774351984368586,0.59,0.06,1
538,1774351984398771,1774351984399504,0.73,0.07,1
539,1774351984429585,1774351984430168,0.58,0.07,1
540,1774351984460107,1774351984460678,0.57,0.07,1
541,1774351984491359,1774351984491985,0.63,0.07,1
542,1774351984522562,1774351984523041,0.48,0.07,1
543,1774351984553984,1774351984554521,0.54,0.07,1
544,1774351984584054,1774351984584537,0.48,0.07,1
545,1774351984615256,1774351984615991,0.73,0.08,1
546,1774351984646390,1774351984646952,0.56,0.08,1
547,1774351984677502,1774351984678032,0.53,0.08,1
548,1774351984708288,1774351984708851,0.56,0.08,1
549,1774351984738882,1774351984739516,0.63,0.08,1
550,1774351984769959,1774351984770582,0.62,0.08,1
551,1774351984800538,1774351984801093,0.56,0.07,1
552,1774351984830471,1774351984831022,0.55,0.07,1
553,1774351984860976,1774351984861447,0.47,0.07,1
554,1774351984892100,1774351984892738,0.64,0.07,1
555,1774351984923476,1774351984924057,0.58,0.07,1
556,1774351984953944,1774351984954590,0.65,0.07,1
557,1774351984985402,1774351984986033,0.63,0.07,1
558,1774351985016227,1774351985016799,0.57,0.06,1
559,1774351985047499,1774351985048041,0.54,0.06,1
560,1774351985078062,1774351985078649,0.59,0.06,1
561,1774351985110367,1774351985110954,0.59,0.06,1
562,1774351985141666,1774351985142224,0.56,0.06,1
563,1774351985173576,1774351985174201,0.62,0.06,1
564,1774351985205832,1774351985206355,0.52,0.06,1
565,1774351985237817,1774351985238346,0.53,0.05,1
566,1774351985269573,1774351985270094,0.52,0.05,1
567,1774351985300836,1774351985301421,0.58,0.05,1
568,1774351985331797,1774351985332508,0.71,0.05,1
569,1774351985362834,1774351985363339,0.51,0.06,1
570,1774351985394430,1774351985394964,0.53,0.06,1
571,1774351985426502,1774351985426998,0.50,0.06,1
572,1774351985457290,1774351985457910,0.62,0.06,1
573,1774351985487724,1774351985488301,0.58,0.05,1
574,1774351985518424,1774351985519258,0.83,0.08,1
575,1774351985550205,1774351985550687,0.48,0.08,1
576,1774351985581614,1774351985582348,0.73,0.09,1
577,1774351985612594,1774351985613150,0.56,0.09,1
578,1774351985643349,1774351985643937,0.59,0.09,1
579,1774351985674625,1774351985675177,0.55,0.08,1
580,1774351985705754,1774351985706310,0.56,0.09,1
581,1774351985737624,1774351985738118,0.49,0.09,1
582,1774351985769790,1774351985770321,0.53,0.09,1
583,1774351985800266,1774351985800723,0.46,0.09,1
584,1774351985830971,1774351985831609,0.64,0.09,1
585,1774351985862850,1774351985863395,0.55,0.09,1
586,1774351985893702,1774351985894263,0.56,0.09,1
587,1774351985925032,1774351985925555,0.52,0.09,1
588,1774351985955867,1774351985956417,0.55,0.09,1
589,1774351985986888,1774351985987390,0.50,0.09,1
590,1774351986017996,1774351986018634,0.64,0.09,1
591,1774351986048830,1774351986049442,0.61,0.09,1
592,1774351986079508,1774351986080067,0.56,0.08,1
593,1774351986109728,1774351986110219,0.49,0.09,1
594,1774351986140242,1774351986140814,0.57,0.06,1
595,1774351986171469,1774351986172103,0.63,0.06,1
596,1774351986203003,1774351986203570,0.57,0.05,1
597,1774351986234110,1774351986234649,0.54,0.05,1
598,1774351986265219,1774351986265920,0.70,0.06,1
599,1774351986297479,1774351986298127,0.65,0.06,1
600,1774351986328728,1774351986329319,0.59,0.06,1
601,1774351986359206,1774351986359719,0.51,0.06,1
602,1774351986390034,1774351986390588,0.55,0.06,1
603,1774351986421433,1774351986421928,0.49,0.06,1
604,1774351986452022,1774351986452597,0.57,0.05,1
605,1774351986483077,1774351986483542,0.47,0.06,1
606,1774351986513484,1774351986514203,0.72,0.07,1
607,1774351986545601,1774351986546190,0.59,0.07,1
608,1774351986576718,1774351986577238,0.52,0.07,1
609,1774351986608044,1774351986608584,0.54,0.07,1
610,1774351986639906,1774351986640503,0.60,0.06,1
611,1774351986671599,1774351986672099,0.50,0.07,1
612,1774351986702993,1774351986703498,0.51,0.07,1
613,1774351986733916,1774351986734465,0.55,0.07,1
614,1774351986765214,1774351986765867,0.65,0.07,1
615,1774351986796750,1774351986797248,0.50,0.07,1
616,1774351986827383,1774351986827924,0.54,0.07,1
617,1774351986859328,1774351986859846,0.52,0.07,1
618,1774351986890614,1774351986891202,0.59,0.06,1
619,1774351986921664,1774351986922185,0.52,0.06,1
620,1774351986951931,1774351986952461,0.53,0.06,1
621,1774351986982861,1774351986983378,0.52,0.06,1
622,1774351987014840,1774351987015635,0.80,0.08,1
623,1774351987045553,1774351987046115,0.56,0.08,1
624,1774351987076730,1774351987077288,0.56,0.08,1
625,1774351987107648,1774351987108211,0.56,0.07,1
626,1774351987138902,1774351987139500,0.60,0.07,1
627,1774351987170008,1774351987170644,0.64,0.07,1
628,1774351987201102,1774351987201687,0.58,0.07,1
629,1774351987233020,1774351987233500,0.48,0.07,1
630,1774351987264148,1774351987264780,0.63,0.07,1
631,1774351987294988,1774351987295508,0.52,0.07,1
632,1774351987326163,1774351987326710,0.55,0.07,1
633,1774351987357591,1774351987358146,0.56,0.07,1
634,1774351987388137,1774351987388827,0.69,0.07,1
635,1774351987418738,1774351987419277,0.54,0.07,1
636,1774351987449512,1774351987450081,0.57,0.07,1
637,1774351987481050,1774351987481690,0.64,0.07,1
638,1774351987512402,1774351987512960,0.56,0.07,1
639,1774351987543052,1774351987543654,0.60,0.07,1
640,1774351987574620,1774351987575233,0.61,0.07,1
641,1774351987605933,1774351987606494,0.56,0.07,1
642,1774351987637120,1774351987637676,0.56,0.05,1
643,1774351987667719,1774351987668265,0.55,0.05,1
644,1774351987698481,1774351987699041,0.56,0.05,1
645,1774351987729419,1774351987729951,0.53,0.05,1
646,1774351987761514,1774351987762088,0.57,0.05,1
647,1774351987792655,1774351987793176,0.52,0.05,1
648,1774351987823443,1774351987824074,0.63,0.05,1
649,1774351987855515,1774351987856048,0.53,0.04,1
650,1774351987886932,1774351987887502,0.57,0.04,1
651,1774351987917636,1774351987918098,0.46,0.05,1
652,1774351987948847,1774351987949446,0.60,0.05,1
653,1774351987979734,1774351987980279,0.55,0.05,1
654,1774351988012377,1774351988012902,0.53,0.04,1
655,1774351988043405,1774351988043906,0.50,0.04,1
656,1774351988074618,1774351988075168,0.55,0.04,1
657,1774351988105404,1774351988105932,0.53,0.04,1
658,1774351988135635,1774351988136226,0.59,0.04,1
659,1774351988166598,1774351988167146,0.55,0.04,1
660,1774351988197485,1774351988198111,0.63,0.04,1
661,1774351988229134,1774351988229701,0.57,0.04,1
662,1774351988259509,1774351988260064,0.56,0.04,1
663,1774351988290713,1774351988291214,0.50,0.04,1
664,1774351988321681,1774351988322238,0.56,0.04,1
665,1774351988352447,1774351988352950,0.50,0.04,1
666,1774351988382884,1774351988383414,0.53,0.04,1
667,1774351988413981,1774351988414565,0.58,0.04,1
668,1774351988445803,1774351988446319,0.52,0.04,1
669,1774351988476662,1774351988477277,0.61,0.04,1
670,1774351988507848,1774351988508378,0.53,0.04,1
671,1774351988539748,1774351988540266,0.52,0.04,1
672,1774351988570776,1774351988571305,0.53,0.03,1
673,1774351988601723,1774351988602269,0.55,0.03,1
674,1774351988632883,1774351988633396,0.51,0.04,1
675,1774351988664023,1774351988664686,0.66,0.04,1
676,1774351988696791,1774351988697415,0.62,0.04,1
677,1774351988728572,1774351988729114,0.54,0.04,1
678,1774351988759367,1774351988759864,0.50,0.05,1
679,1774351988790858,1774351988791409,0.55,0.05,1
680,1774351988821747,1774351988822245,0.50,0.04,1
681,1774351988852805,1774351988853340,0.54,0.04,1
682,1774351988883958,1774351988884480,0.52,0.04,1
683,1774351988913923,1774351988914548,0.62,0.05,1
684,1774351988943672,1774351988944179,0.51,0.05,1
685,1774351988974594,1774351988975258,0.66,0.05,1
686,1774351989006020,1774351989006544,0.52,0.05,1
687,1774351989037285,1774351989037851,0.57,0.05,1
688,1774351989067646,1774351989068181,0.54,0.05,1
689,1774351989098647,1774351989099158,0.51,0.05,1
690,1774351989129421,1774351989130058,0.64,0.05,1
691,1774351989160298,1774351989160853,0.56,0.05,1
692,1774351989191639,1774351989192104,0.47,0.06,1
693,1774351989222834,1774351989223421,0.59,0.06,1
694,1774351989253316,1774351989253886,0.57,0.06,1
695,1774351989284034,1774351989284547,0.51,0.05,1
696,1774351989314901,1774351989315438,0.54,0.05,1
697,1774351989346369,1774351989347043,0.67,0.06,1
698,1774351989377069,1774351989377581,0.51,0.06,1
699,1774351989409520,1774351989410014,0.49,0.06,1
700,1774351989440323,1774351989440966,0.64,0.06,1
701,1774351989471659,1774351989472199,0.54,0.06,1
702,1774351989502998,1774351989503538,0.54,0.06,1
703,1774351989534189,1774351989534757,0.57,0.06,1
704,1774351989565684,1774351989566308,0.62,0.06,1
705,1774351989596371,1774351989597068,0.70,0.06,1
706,1774351989627734,1774351989628320,0.59,0.06,1
707,1774351989657773,1774351989658340,0.57,0.06,1
708,1774351989689472,1774351989689971,0.50,0.06,1
709,1774351989720240,1774351989720907,0.67,0.06,1
710,1774351989751289,1774351989751818,0.53,0.06,1
711,1774351989781761,1774351989782320,0.56,0.06,1
712,1774351989812929,1774351989813542,0.61,0.06,1
713,1774351989844382,1774351989844952,0.57,0.06,1
714,1774351989875096,1774351989875645,0.55,0.06,1
715,1774351989906648,1774351989907217,0.57,0.06,1
716,1774351989937395,1774351989937959,0.56,0.06,1
717,1774351989968634,1774351989969283,0.65,0.05,1
718,1774351989999335,1774351989999834,0.50,0.06,1
719,1774351990031104,1774351990031689,0.58,0.05,1
720,1774351990062412,1774351990062925,0.51,0.05,1
721,1774351990093310,1774351990093859,0.55,0.05,1
722,1774351990124750,1774351990125265,0.52,0.05,1
723,1774351990155924,1774351990156474,0.55,0.05,1
724,1774351990186080,1774351990186637,0.56,0.05,1
725,1774351990217437,1774351990217988,0.55,0.04,1
726,1774351990248683,1774351990249206,0.52,0.04,1
727,1774351990279030,1774351990279607,0.58,0.04,1
728,1774351990310701,1774351990311201,0.50,0.04,1
729,1774351990341680,1774351990342283,0.60,0.04,1
730,1774351990373247,1774351990373727,0.48,0.04,1
731,1774351990404129,1774351990404666,0.54,0.04,1
732,1774351990434524,1774351990435079,0.56,0.04,1
733,1774351990464944,1774351990465561,0.62,0.04,1
734,1774351990496519,1774351990497156,0.64,0.04,1
735,1774351990528164,1774351990528695,0.53,0.04,1
736,1774351990559264,1774351990559890,0.63,0.05,1
737,1774351990590815,1774351990591412,0.60,0.04,1
738,1774351990622387,1774351990622925,0.54,0.04,1
739,1774351990653112,1774351990653647,0.54,0.04,1
740,1774351990682900,1774351990683415,0.52,0.04,1
741,1774351990714370,1774351990715008,0.64,0.05,1
742,1774351990745761,1774351990746306,0.55,0.04,1
743,1774351990777400,1774351990778022,0.62,0.05,1
744,1774351990809060,1774351990809603,0.54,0.05,1
745,1774351990839941,1774351990840498,0.56,0.05,1
746,1774351990871681,1774351990872214,0.53,0.05,1
747,1774351990901834,1774351990902396,0.56,0.05,1
748,1774351990933018,1774351990933564,0.55,0.04,1
749,1774351990963996,1774351990964614,0.62,0.04,1
750,1774351990995503,1774351990995983,0.48,0.04,1
751,1774351991026708,1774351991027253,0.55,0.04,1
752,1774351991058403,1774351991058931,0.53,0.05,1
753,1774351991088656,1774351991089191,0.54,0.04,1
754,1774351991119556,1774351991120146,0.59,0.04,1
755,1774351991150667,1774351991151170,0.50,0.04,1
756,1774351991181941,1774351991182508,0.57,0.04,1
757,1774351991213551,1774351991214311,0.76,0.06,1
758,1774351991244282,1774351991244927,0.65,0.06,1
759,1774351991275106,1774351991275765,0.66,0.06,1
760,1774351991306052,1774351991306582,0.53,0.06,1
761,1774351991337457,1774351991338019,0.56,0.06,1
762,1774351991367833,1774351991368345,0.51,0.06,1
763,1774351991399106,1774351991399677,0.57,0.06,1
764,1774351991431057,1774351991431583,0.53,0.06,1
765,1774351991461357,1774351991461903,0.55,0.06,1
766,1774351991492318,1774351991492835,0.52,0.06,1
767,1774351991522916,1774351991523563,0.65,0.07,1
768,1774351991554178,1774351991554751,0.57,0.07,1
769,1774351991585065,1774351991585774,0.71,0.07,1
770,1774351991615820,1774351991616500,0.68,0.07,1
771,1774351991647025,1774351991647678,0.65,0.07,1
772,1774351991678338,1774351991678903,0.56,0.07,1
773,1774351991709488,1774351991710056,0.57,0.07,1
774,1774351991740298,1774351991740894,0.60,0.07,1
775,1774351991771694,1774351991772233,0.54,0.07,1
776,1774351991803005,1774351991803536,0.53,0.07,1
777,1774351991834104,1774351991834729,0.62,0.06,1
778,1774351991864998,1774351991865520,0.52,0.06,1
779,1774351991896609,1774351991897312,0.70,0.06,1
780,1774351991927473,1774351991928029,0.56,0.06,1
781,1774351991959279,1774351991959828,0.55,0.06,1
782,1774351991990963,1774351991991609,0.65,0.06,1
783,1774351992021055,1774351992021586,0.53,0.06,1
784,1774351992052239,1774351992052814,0.57,0.06,1
785,1774351992083209,1774351992083777,0.57,0.06,1
786,1774351992115063,1774351992115613,0.55,0.06,1
787,1774351992145303,1774351992145955,0.65,0.06,1
788,1774351992174696,1774351992175302,0.61,0.06,1
789,1774351992206444,1774351992207078,0.63,0.05,1
790,1774351992236896,1774351992237440,0.54,0.05,1
791,1774351992267769,1774351992268315,0.55,0.05,1
792,1774351992298852,1774351992299450,0.60,0.05,1
793,1774351992329491,1774351992330163,0.67,0.05,1
794,1774351992360227,1774351992360808,0.58,0.05,1
795,1774351992392109,1774351992392630,0.52,0.05,1
796,1774351992423717,1774351992424330,0.61,0.05,1
797,1774351992453684,1774351992454197,0.51,0.05,1
798,1774351992485085,1774351992485627,0.54,0.05,1
799,1774351992516491,1774351992517045,0.55,0.04,1
800,1774351992547636,1774351992548217,0.58,0.04,1
801,1774351992579784,1774351992580602,0.82,0.07,1
802,1774351992610353,1774351992610875,0.52,0.07,1
803,1774351992641405,1774351992642006,0.60,0.07,1
804,1774351992672558,1774351992673144,0.59,0.07,1
805,1774351992703090,1774351992703623,0.53,0.07,1
806,1774351992733564,1774351992734058,0.49,0.07,1
807,1774351992763657,1774351992764119,0.46,0.07,1
808,1774351992795035,1774351992795640,0.60,0.07,1
809,1774351992826809,1774351992827365,0.56,0.07,1
810,1774351992857504,1774351992858079,0.57,0.07,1
811,1774351992888558,1774351992889209,0.65,0.07,1
812,1774351992920275,1774351992920979,0.70,0.08,1
813,1774351992951448,1774351992952124,0.68,0.08,1
814,1774351992981132,1774351992982100,0.97,0.12,1
815,1774351993011780,1774351993012400,0.62,0.11,1
816,1774351993043212,1774351993043797,0.58,0.11,1
817,1774351993074745,1774351993075214,0.47,0.12,1
818,1774351993105729,1774351993106309,0.58,0.12,1
819,1774351993137418,1774351993138035,0.62,0.11,1
820,1774351993167875,1774351993168471,0.60,0.11,1
821,1774351993198603,1774351993199244,0.64,0.10,1
822,1774351993229284,1774351993230075,0.79,0.11,1
823,1774351993260464,1774351993261017,0.55,0.11,1
824,1774351993291725,1774351993292289,0.56,0.11,1
825,1774351993323289,1774351993323797,0.51,0.11,1
826,1774351993354457,1774351993355069,0.61,0.11,1
827,1774351993385744,1774351993386273,0.53,0.11,1
828,1774351993416569,1774351993417177,0.61,0.11,1
829,1774351993447536,1774351993448187,0.65,0.10,1
830,1774351993479205,1774351993479884,0.68,0.10,1
831,1774351993510929,1774351993511464,0.54,0.11,1
832,1774351993542693,1774351993543300,0.61,0.11,1
833,1774351993574545,1774351993575067,0.52,0.11,1
834,1774351993606082,1774351993606798,0.72,0.07,1
835,1774351993636682,1774351993637191,0.51,0.08,1
836,1774351993667668,1774351993668241,0.57,0.08,1
837,1774351993698612,1774351993699257,0.65,0.07,1
838,1774351993729603,1774351993730281,0.68,0.07,1
839,1774351993761115,1774351993761670,0.56,0.07,1
840,1774351993791796,1774351993792388,0.59,0.07,1
841,1774351993823714,1774351993824212,0.50,0.08,1
842,1774351993854123,1774351993854695,0.57,0.06,1
843,1774351993885325,1774351993885825,0.50,0.06,1
844,1774351993917148,1774351993917687,0.54,0.06,1
845,1774351993947849,1774351993948400,0.55,0.06,1
846,1774351993979912,1774351993980642,0.73,0.07,1
847,1774351994011100,1774351994011628,0.53,0.07,1
848,1774351994042684,1774351994043261,0.58,0.07,1
849,1774351994072703,1774351994073248,0.55,0.07,1
850,1774351994103696,1774351994104254,0.56,0.07,1
851,1774351994135602,1774351994136118,0.52,0.07,1
852,1774351994166496,1774351994167080,0.58,0.07,1
853,1774351994197690,1774351994198230,0.54,0.07,1
854,1774351994229749,1774351994230370,0.62,0.06,1
855,1774351994260598,1774351994261151,0.55,0.06,1
856,1774351994291912,1774351994292499,0.59,0.06,1
857,1774351994321393,1774351994322004,0.61,0.06,1
858,1774351994354149,1774351994354722,0.57,0.05,1
859,1774351994385763,1774351994386301,0.54,0.05,1
860,1774351994416138,1774351994416680,0.54,0.05,1
861,1774351994446775,1774351994447342,0.57,0.05,1
862,1774351994477489,1774351994478181,0.69,0.05,1
863,1774351994508622,1774351994509179,0.56,0.05,1
864,1774351994538846,1774351994539469,0.62,0.05,1
865,1774351994570148,1774351994570660,0.51,0.05,1
866,1774351994601879,1774351994602463,0.58,0.04,1
867,1774351994632867,1774351994633408,0.54,0.04,1
868,1774351994664113,1774351994664686,0.57,0.04,1
869,1774351994694753,1774351994695399,0.65,0.04,1
870,1774351994726571,1774351994727229,0.66,0.05,1
871,1774351994758366,1774351994758848,0.48,0.05,1
872,1774351994789762,1774351994790319,0.56,0.05,1
873,1774351994821241,1774351994821743,0.50,0.05,1
874,1774351994852009,1774351994852557,0.55,0.05,1
875,1774351994882826,1774351994883321,0.49,0.05,1
876,1774351994914182,1774351994914771,0.59,0.05,1
877,1774351994945704,1774351994946380,0.68,0.06,1
878,1774351994976753,1774351994977320,0.57,0.06,1
879,1774351995009500,1774351995010026,0.53,0.06,1
880,1774351995040167,1774351995040744,0.58,0.06,1
881,1774351995071592,1774351995072097,0.51,0.06,1
882,1774351995102922,1774351995103516,0.59,0.05,1
883,1774351995135076,1774351995135650,0.57,0.05,1
884,1774351995165907,1774351995166452,0.55,0.05,1
885,1774351995196699,1774351995197190,0.49,0.05,1
886,1774351995227415,1774351995228004,0.59,0.05,1
887,1774351995258719,1774351995259233,0.51,0.05,1
888,1774351995289910,1774351995290418,0.51,0.06,1
889,1774351995321405,1774351995321930,0.53,0.05,1
890,1774351995351851,1774351995352460,0.61,0.05,1
891,1774351995383220,1774351995383810,0.59,0.05,1
892,1774351995415337,1774351995415952,0.61,0.05,1
893,1774351995445526,1774351995446269,0.74,0.06,1
894,1774351995476681,1774351995477236,0.56,0.06,1
895,1774351995507760,1774351995508341,0.58,0.06,1
896,1774351995538640,1774351995539300,0.66,0.06,1
897,1774351995569570,1774351995570227,0.66,0.06,1
898,1774351995599891,1774351995600520,0.63,0.06,1
899,1774351995631002,1774351995631619,0.62,0.06,1
900,1774351995662171,1774351995662809,0.64,0.06,1
901,1774351995694115,1774351995694700,0.58,0.06,1
902,1774351995724597,1774351995725122,0.53,0.06,1
903,1774351995755554,1774351995756071,0.52,0.06,1
904,1774351995787079,1774351995787593,0.51,0.06,1
905,1774351995817707,1774351995818300,0.59,0.06,1
906,1774351995848953,1774351995849499,0.55,0.06,1
907,1774351995879116,1774351995879758,0.64,0.06,1
908,1774351995910253,1774351995910838,0.58,0.06,1
909,1774351995941693,1774351995942242,0.55,0.05,1
910,1774351995973649,1774351995974269,0.62,0.06,1
911,1774351996005079,1774351996005642,0.56,0.06,1
912,1774351996035938,1774351996036445,0.51,0.06,1
913,1774351996066563,1774351996067119,0.56,0.05,1
914,1774351996097826,1774351996098367,0.54,0.05,1
915,1774351996129499,1774351996130006,0.51,0.05,1
916,1774351996160615,1774351996161487,0.87,0.08,1
917,1774351996192067,1774351996192692,0.62,0.08,1
918,1774351996222797,1774351996223355,0.56,0.08,1
919,1774351996253126,1774351996253678,0.55,0.08,1
920,1774351996284282,1774351996284888,0.61,0.08,1
921,1774351996315014,1774351996315613,0.60,0.08,1
922,1774351996346007,1774351996346658,0.65,0.08,1
923,1774351996376868,1774351996377406,0.54,0.08,1
924,1774351996408044,1774351996408644,0.60,0.08,1
925,1774351996438480,1774351996439085,0.60,0.08,1
926,1774351996469921,1774351996470547,0.63,0.08,1
927,1774351996501060,1774351996501629,0.57,0.08,1
928,1774351996532860,1774351996533381,0.52,0.08,1
929,1774351996563925,1774351996564535,0.61,0.08,1
930,1774351996595160,1774351996595615,0.46,0.08,1
931,1774351996626702,1774351996627287,0.58,0.08,1
932,1774351996659354,1774351996660063,0.71,0.08,1
933,1774351996691116,1774351996692104,0.99,0.12,1
934,1774351996723145,1774351996723723,0.58,0.12,1
935,1774351996754653,1774351996755245,0.59,0.12,1
936,1774351996785479,1774351996786136,0.66,0.10,1
937,1774351996815883,1774351996816499,0.62,0.10,1
938,1774351996846627,1774351996847185,0.56,0.10,1
939,1774351996876596,1774351996877163,0.57,0.10,1
940,1774351996907630,1774351996908202,0.57,0.10,1
941,1774351996938665,1774351996939254,0.59,0.10,1
942,1774351996968836,1774351996969351,0.52,0.10,1
943,1774351996999453,1774351997000036,0.58,0.10,1
944,1774351997030921,1774351997031509,0.59,0.10,1
945,1774351997062920,1774351997063523,0.60,0.10,1
946,1774351997094031,1774351997094720,0.69,0.10,1
947,1774351997124704,1774351997125242,0.54,0.10,1
948,1774351997155837,1774351997156376,0.54,0.10,1
949,1774351997187277,1774351997187830,0.55,0.10,1
950,1774351997218528,1774351997219043,0.52,0.10,1
951,1774351997249595,1774351997250154,0.56,0.10,1
952,1774351997280420,1774351997280954,0.53,0.10,1
953,1774351997311921,1774351997312593,0.67,0.05,1
954,1774351997342924,1774351997343530,0.61,0.05,1
955,1774351997374862,1774351997375408,0.55,0.05,1
956,1774351997405417,1774351997405924,0.51,0.05,1
957,1774351997436363,1774351997436987,0.62,0.05,1
958,1774351997467503,1774351997468041,0.54,0.05,1
959,1774351997497710,1774351997498245,0.54,0.05,1
960,1774351997529549,1774351997530134,0.58,0.05,1
961,1774351997560544,1774351997561237,0.69,0.06,1
962,1774351997592700,1774351997593288,0.59,0.05,1
963,1774351997625040,1774351997625639,0.60,0.05,1
964,1774351997656296,1774351997656970,0.67,0.06,1
965,1774351997687630,1774351997688218,0.59,0.06,1
966,1774351997717773,1774351997718378,0.60,0.05,1
967,1774351997747935,1774351997748420,0.48,0.06,1
968,1774351997777969,1774351997778633,0.66,0.06,1
969,1774351997808541,1774351997809117,0.58,0.06,1
970,1774351997838989,1774351997839522,0.53,0.06,1
971,1774351997869896,1774351997870494,0.60,0.06,1
972,1774351997900554,1774351997901082,0.53,0.06,1
973,1774351997931305,1774351997931876,0.57,0.05,1
974,1774351997962160,1774351997962636,0.48,0.06,1
975,1774351997992875,1774351997993448,0.57,0.06,1
976,1774351998022733,1774351998023327,0.59,0.06,1
977,1774351998053905,1774351998054451,0.55,0.05,1
978,1774351998084097,1774351998084613,0.52,0.06,1
979,1774351998115803,1774351998116381,0.58,0.05,1
980,1774351998146809,1774351998147348,0.54,0.06,1
981,1774351998179541,1774351998180156,0.61,0.05,1
982,1774351998210547,1774351998211151,0.60,0.05,1
983,1774351998242949,1774351998243555,0.61,0.05,1
984,1774351998274819,1774351998275394,0.57,0.04,1
985,1774351998306156,1774351998306682,0.53,0.05,1
986,1774351998336441,1774351998336947,0.51,0.05,1
987,1774351998367755,1774351998368319,0.56,0.04,1
988,1774351998398991,1774351998399618,0.63,0.04,1
989,1774351998429803,1774351998430383,0.58,0.04,1
990,1774351998460154,1774351998460947,0.79,0.06,1
991,1774351998492408,1774351998493017,0.61,0.06,1
992,1774351998522715,1774351998523251,0.54,0.06,1
993,1774351998554163,1774351998554784,0.62,0.06,1
994,1774351998585212,1774351998585794,0.58,0.06,1
995,1774351998617115,1774351998617677,0.56,0.06,1
996,1774351998648722,1774351998649281,0.56,0.06,1
997,1774351998678809,1774351998679382,0.57,0.06,1
998,1774351998710940,1774351998711614,0.67,0.06,1
999,1774351998742849,1774351998743421,0.57,0.06,1
1000,1774351998774764,1774351998775302,0.54,0.06,1
1001,1774351998807387,1774351998807921,0.53,0.06,1
1002,1774351998839533,1774351998840058,0.53,0.06,1
1003,1774351998870621,1774351998871172,0.55,0.06,1
1004,1774351998902034,1774351998902543,0.51,0.06,1
1005,1774351998933167,1774351998933736,0.57,0.06,1
1006,1774351998964020,1774351998964593,0.57,0.06,1
1007,1774351998994993,1774351998995517,0.52,0.06,1
1008,1774351999025610,1774351999026168,0.56,0.06,1
1009,1774351999057451,1774351999058057,0.61,0.06,1
1010,1774351999087980,1774351999088535,0.56,0.04,1
1011,1774351999118429,1774351999118973,0.54,0.04,1
1012,1774351999150249,1774351999150808,0.56,0.04,1
1013,1774351999181232,1774351999181948,0.72,0.05,1
1014,1774351999211467,1774351999212055,0.59,0.05,1
1015,1774351999241361,1774351999241905,0.54,0.05,1
1016,1774351999272579,1774351999273097,0.52,0.05,1
1017,1774351999303128,1774351999303667,0.54,0.05,1
1018,1774351999334117,1774351999334752,0.64,0.05,1
1019,1774351999365334,1774351999365961,0.63,0.05,1
1020,1774351999396393,1774351999396976,0.58,0.05,1
1021,1774351999426604,1774351999427254,0.65,0.05,1
1022,1774351999456956,1774351999457501,0.55,0.05,1
1023,1774351999488536,1774351999489037,0.50,0.05,1
1024,1774351999519670,1774351999520246,0.58,0.05,1
1025,1774351999550366,1774351999550902,0.54,0.05,1
1026,1774351999581370,1774351999581983,0.61,0.05,1
1027,1774351999612232,1774351999612851,0.62,0.05,1
1028,1774351999643349,1774351999644032,0.68,0.05,1
1029,1774351999674668,1774351999675371,0.70,0.06,1
1030,1774351999705379,1774351999705953,0.57,0.06,1
1031,1774351999736180,1774351999736784,0.60,0.06,1
1032,1774351999766770,1774351999767326,0.56,0.06,1
1033,1774351999797828,1774351999798339,0.51,0.05,1
1034,1774351999827983,1774351999828592,0.61,0.06,1
1035,1774351999859202,1774351999859853,0.65,0.06,1
1036,1774351999890879,1774351999891500,0.62,0.05,1
1037,1774351999921478,1774351999922123,0.65,0.05,1
1038,1774351999952853,1774351999953441,0.59,0.05,1
1039,1774351999984041,1774351999984599,0.56,0.05,1
1040,1774352000015074,1774352000015617,0.54,0.05,1
1041,1774352000046724,1774352000047281,0.56,0.05,1
1042,1774352000078403,1774352000078879,0.48,0.06,1
1043,1774352000109317,1774352000109823,0.51,0.06,1
1044,1774352000141017,1774352000141606,0.59,0.06,1
1045,1774352000171701,1774352000172362,0.66,0.06,1
1046,1774352000202866,1774352000203484,0.62,0.06,1
1047,1774352000234026,1774352000234579,0.55,0.06,1
1048,1774352000265228,1774352000265758,0.53,0.06,1
1049,1774352000296624,1774352000297117,0.49,0.05,1
1050,1774352000328197,1774352000328812,0.61,0.05,1
1051,1774352000359045,1774352000359567,0.52,0.05,1
1052,1774352000391163,1774352000391776,0.61,0.05,1
1053,1774352000422387,1774352000422858,0.47,0.06,1
1054,1774352000453216,1774352000453735,0.52,0.06,1
1055,1774352000484059,1774352000484599,0.54,0.05,1
1056,1774352000515294,1774352000515840,0.55,0.05,1
1057,1774352000546735,1774352000547315,0.58,0.05,1
1058,1774352000578220,1774352000578753,0.53,0.05,1
1059,1774352000608614,1774352000609245,0.63,0.05,1
1060,1774352000638286,1774352000638919,0.63,0.05,1
1061,1774352000668431,1774352000669022,0.59,0.05,1
1062,1774352000699140,1774352000699692,0.55,0.05,1
1063,1774352000730642,1774352000731150,0.51,0.05,1
1064,1774352000762343,1774352000762852,0.51,0.05,1
1065,1774352000793651,1774352000794263,0.61,0.05,1
1066,1774352000825877,1774352000826416,0.54,0.05,1
1067,1774352000857720,1774352000858251,0.53,0.05,1
1068,1774352000889694,1774352000890264,0.57,0.05,1
1069,1774352000920419,1774352000920961,0.54,0.04,1
1070,1774352000952013,1774352000952561,0.55,0.04,1
1071,1774352000983004,1774352000983542,0.54,0.04,1
1072,1774352001014968,1774352001015512,0.54,0.04,1
1073,1774352001046674,1774352001047200,0.53,0.04,1
1074,1774352001076841,1774352001077753,0.91,0.09,1
1075,1774352001109517,1774352001110145,0.63,0.09,1
1076,1774352001141025,1774352001141696,0.67,0.09,1
1077,1774352001171839,1774352001172534,0.69,0.09,1
1078,1774352001201861,1774352001202453,0.59,0.09,1
1079,1774352001233729,1774352001234355,0.63,0.09,1
1080,1774352001265160,1774352001265796,0.64,0.09,1
1081,1774352001296780,1774352001297349,0.57,0.09,1
1082,1774352001328310,1774352001328879,0.57,0.09,1
1083,1774352001359199,1774352001359907,0.71,0.09,1
1084,1774352001390084,1774352001390703,0.62,0.09,1
1085,1774352001421303,1774352001421838,0.54,0.09,1
1086,1774352001452830,1774352001453389,0.56,0.09,1
1087,1774352001483950,1774352001484498,0.55,0.09,1
1088,1774352001515010,1774352001515555,0.55,0.09,1
1089,1774352001546760,1774352001547330,0.57,0.09,1
1090,1774352001577022,1774352001577647,0.62,0.09,1
1091,1774352001607415,1774352001607953,0.54,0.09,1
1092,1774352001638054,1774352001638713,0.66,0.09,1
1093,1774352001669577,1774352001670111,0.53,0.09,1
1094,1774352001700485,1774352001701109,0.62,0.05,1
1095,1774352001731467,1774352001731971,0.50,0.06,1
1096,1774352001762552,1774352001763087,0.54,0.06,1
1097,1774352001793848,1774352001794525,0.68,0.05,1
1098,1774352001824580,1774352001825113,0.53,0.06,1
1099,1774352001855641,1774352001856164,0.52,0.06,1
